{
	"BW": {
		"minLat": 47.5338000528,
		"maxLat": 49.7913749328,
		"minLon": 7.5113934084,
		"maxLon": 10.4918239143
	},
	"BY": {
		"minLat": 47.2703623267,
		"maxLat": 50.5644529365,
		"minLon": 8.9771580802,
		"maxLon": 13.8350427083
	},
	"BE": {
		"minLat": 52.3418234221,
		"maxLat": 52.6697240587,
		"minLon": 13.0882097323,
		"maxLon": 13.7606105539
	},
	"BB": {
		"minLat": 51.3606627053,
		"maxLat": 53.5579500214,
		"minLon": 11.2681664447,
		"maxLon": 14.7647105012
	},
	"HB": {
		"minLat": 53.0103701114,
		"maxLat": 53.6061664164,
		"minLon": 8.4813576818,
		"maxLon": 8.9830477728
	},
	"HH": {
		"minLat": 53.3949251389,
		"maxLat": 53.9644376366,
		"minLon": 8.4213643278,
		"maxLon": 10.3242585128
	},
	"HE": {
		"minLat": 49.3948229196,
		"maxLat": 51.6540496066,
		"minLon": 7.7731704009,
		"maxLon": 10.2340156149
	},
	"MV": {
		"minLat": 53.1158637944,
		"maxLat": 54.6849886830,
		"minLon": 10.5932460856,
		"maxLon": 14.4122799503
	},
	"NI": {
		"minLat": 51.2954150799,
		"maxLat": 53.8941514415,
		"minLon": 6.6545841239,
		"maxLon": 11.59769814
	},
	"NW": {
		"minLat": 50.3226989435,
		"maxLat": 52.5310351488,
		"minLon": 5.8659988131,
		"maxLon": 9.4476584861
	},
	"RP": {
		"minLat": 48.9662745077,
		"maxLat": 50.9404435711,
		"minLon": 6.1173598760,
		"maxLon": 8.5084754437
	},
	"SL": {
		"minLat": 49.1130992988,
		"maxLat": 49.6393467247,
		"minLon": 6.3584695643,
		"maxLon": 7.4034901078
	},
	"SN": {
		"minLat": 50.1715419914,
		"maxLat": 51.6831408995,
		"minLon": 11.8723081683,
		"maxLon": 15.0377433357
	},
	"ST": {
		"minLat": 50.9379979829,
		"maxLat": 53.0421316033,
		"minLon": 10.5614755400,
		"maxLon": 13.1865600846
	},
	"SH": {
		"minLat": 53.3590675115,
		"maxLat": 55.0573747014,
		"minLon": 7.8685145620,
		"maxLon": 11.3132037822
	},
	"TH": {
		"minLat": 50.2042330625,
		"maxLat": 51.6490678544,
		"minLon": 9.8778443239,
		"maxLon": 12.6531964048
	}
}
